﻿[
  {
    "path": "F:/bigsinger/awesomeFrida",
    "items": [
      {
        "file": "hook_RegisterNatives.js",
        "name": "获取动态注册的Native函数，静态注册的无法获取!"
      },
      {
        "file": "r0capture.js",
        "name": "安卓应用层抓包通杀脚本-r0capture"
      },
      {
        "file": "javaEnc.js",
        "name": "Java加解密探测"
      },
      {
        "file": "just_trust_me.js"
      },
      {
        "file": "just_trust_me_okhttp_hook_finder.js"
      },
      {
        "file": "ZenTracer.js"
      },
      {
        "file": "android-make-toast.js",
        "name": "Android make Toast"
      },
      {
        "file": "webview-load-url.js",
        "name": "Log whenever WebView switch URL"
      },
      {
        "file": "dygod.js",
        "name": "电影天堂",
        "package": "com.movies"
      },
      {
        "file": "replaceM3U8url.js",
        "name": "替换M3U8 URL地址",
        "package": "com.fcppkgslhz.yhvrvbuznt"
      },
      {
        "file": "MT.js",
        "package": "com.zyzc.mt"
      },
      {
        "file": "stalker.js",
        "package": "com.kanxue.algorithmbase"
      }
    ]
  }
]